{"cameraMode":{"drawMode":0,"name":"Shaded","section":"Shading Mode"},"sceneLighting":false,"audioPlay":false,"sceneViewState":{"showFog":true,"showMaterialUpdate":false,"showSkybox":false,"showFlares":true,"showImageEffects":true,"showParticleSystems":true},"in2DMode":false,"pivot":{"x":1.0409044027328492,"y":0.5580000877380371,"z":0.3255500793457031},"rotation":{"x":0.14154478907585145,"y":0.832768440246582,"z":-0.24829015135765077,"w":0.4743591248989105},"size":1.6879241466522217,"orthographic":false}