{"cameraMode":{"drawMode":0,"name":"Shaded","section":"Shading Mode"},"sceneLighting":true,"audioPlay":false,"sceneViewState":{"showFog":true,"showMaterialUpdate":false,"showSkybox":true,"showFlares":true,"showImageEffects":true,"showParticleSystems":true},"in2DMode":false,"pivot":{"x":-0.09419090300798416,"y":-5.650602340698242,"z":20.004880905151368},"rotation":{"x":-0.13937102258205415,"y":0.007998480461537838,"z":-0.0013315017567947507,"w":-0.9903427362442017},"size":22.0,"orthographic":false}