{"cameraMode":{"drawMode":0,"name":"Shaded","section":"Shading Mode"},"sceneLighting":false,"audioPlay":false,"sceneViewState":{"showFog":true,"showMaterialUpdate":false,"showSkybox":false,"showFlares":true,"showImageEffects":true,"showParticleSystems":true},"in2DMode":false,"pivot":{"x":0.1442737579345703,"y":-0.060670047998428348,"z":1.247991681098938},"rotation":{"x":0.046792708337306979,"y":0.017969245091080667,"z":-0.0008181512239389122,"w":0.9988408088684082},"size":1.5150341987609864,"orthographic":false}