{"cameraMode":{"drawMode":0,"name":"Shaded","section":"Shading Mode"},"sceneLighting":true,"audioPlay":false,"sceneViewState":{"showFog":true,"showMaterialUpdate":false,"showSkybox":true,"showFlares":true,"showImageEffects":true,"showParticleSystems":true},"in2DMode":false,"pivot":{"x":-12.432567596435547,"y":-13.28361988067627,"z":2.9646942615509035},"rotation":{"x":0.2719232439994812,"y":-0.5857971906661987,"z":0.21779504418373109,"w":0.7319090366363525},"size":22.379545211791993,"orthographic":false}