{"cameraMode":{"drawMode":0,"name":"Shaded","section":"Shading Mode"},"sceneLighting":false,"audioPlay":false,"sceneViewState":{"showFog":true,"showMaterialUpdate":false,"showSkybox":false,"showFlares":true,"showImageEffects":true,"showParticleSystems":true},"in2DMode":false,"pivot":{"x":-0.7239999771118164,"y":0.12200000882148743,"z":2.059999942779541},"rotation":{"x":-0.14347794651985169,"y":0.8565285205841065,"z":-0.35539939999580386,"w":-0.3457842171192169},"size":1.0390446186065674,"orthographic":false}