{"cameraMode":{"drawMode":0,"name":"Shaded","section":"Shading Mode"},"sceneLighting":false,"audioPlay":false,"sceneViewState":{"showFog":true,"showMaterialUpdate":false,"showSkybox":false,"showFlares":true,"showImageEffects":true,"showParticleSystems":true},"in2DMode":false,"pivot":{"x":0.5828232765197754,"y":0.22024933993816377,"z":-1.164942979812622},"rotation":{"x":0.007154873572289944,"y":0.961423933506012,"z":-0.02479921281337738,"w":0.2741805911064148},"size":3.096734046936035,"orthographic":false}