{"cameraMode":{"drawMode":0,"name":"Shaded","section":"Shading Mode"},"sceneLighting":false,"audioPlay":false,"sceneViewState":{"showFog":true,"showMaterialUpdate":false,"showSkybox":false,"showFlares":true,"showImageEffects":true,"showParticleSystems":true},"in2DMode":false,"pivot":{"x":-0.004473991692066193,"y":-1.7549717426300049,"z":-1.6143434047698975},"rotation":{"x":-0.03501133620738983,"y":0.9302419424057007,"z":-0.3536664545536041,"w":-0.09211204946041107},"size":3.8029563426971437,"orthographic":false}