{"cameraMode":{"drawMode":0,"name":"Shaded","section":"Shading Mode"},"sceneLighting":false,"audioPlay":false,"sceneViewState":{"showFog":true,"showMaterialUpdate":false,"showSkybox":false,"showFlares":true,"showImageEffects":true,"showParticleSystems":true},"in2DMode":false,"pivot":{"x":-0.33697760105133059,"y":0.29870736598968508,"z":0.8078392744064331},"rotation":{"x":0.2058383822441101,"y":-0.010277106426656247,"z":0.0022221021354198457,"w":0.9786245822906494},"size":1.2495768070220948,"orthographic":false}