{"cameraMode":{"drawMode":0,"name":"Shaded","section":"Shading Mode"},"sceneLighting":false,"audioPlay":false,"sceneViewState":{"showFog":true,"showMaterialUpdate":false,"showSkybox":false,"showFlares":true,"showImageEffects":true,"showParticleSystems":true},"in2DMode":false,"pivot":{"x":-1.0745313167572022,"y":0.14580154418945313,"z":0.8072854280471802},"rotation":{"x":-0.03718189895153046,"y":0.0014832214219495655,"z":0.00011367171828169376,"w":0.9994004964828491},"size":0.3150344491004944,"orthographic":false}