{"cameraMode":{"drawMode":0,"name":"Shaded","section":"Shading Mode"},"sceneLighting":false,"audioPlay":false,"sceneViewState":{"showFog":true,"showMaterialUpdate":false,"showSkybox":false,"showFlares":true,"showImageEffects":true,"showParticleSystems":true},"in2DMode":false,"pivot":{"x":-0.11100000143051148,"y":0.800000011920929,"z":1.437000036239624},"rotation":{"x":-0.1584189534187317,"y":0.8392077088356018,"z":-0.4010576009750366,"w":-0.3314954340457916},"size":0.4856511354446411,"orthographic":false}