{"cameraMode":{"drawMode":0,"name":"Shaded","section":"Shading Mode"},"sceneLighting":false,"audioPlay":false,"sceneViewState":{"showFog":true,"showMaterialUpdate":false,"showSkybox":false,"showFlares":true,"showImageEffects":true,"showParticleSystems":true},"in2DMode":false,"pivot":{"x":-1.1100000143051148,"y":0.12200000882148743,"z":2.059999942779541},"rotation":{"x":-0.1411719024181366,"y":0.8521133661270142,"z":-0.29359424114227297,"w":-0.40972331166267397},"size":0.7390448451042175,"orthographic":false}