{"cameraMode":{"drawMode":0,"name":"Shaded","section":"Shading Mode"},"sceneLighting":false,"audioPlay":false,"sceneViewState":{"showFog":true,"showMaterialUpdate":false,"showSkybox":false,"showFlares":true,"showImageEffects":true,"showParticleSystems":true},"in2DMode":false,"pivot":{"x":-0.5440259575843811,"y":0.1622055172920227,"z":0.9118792414665222},"rotation":{"x":-0.022116053849458696,"y":0.07639970630407334,"z":0.0017822006484493614,"w":0.9969244599342346},"size":0.8648157715797424,"orthographic":false}