{"cameraMode":{"drawMode":0,"name":"Shaded","section":"Shading Mode"},"sceneLighting":false,"audioPlay":false,"sceneViewState":{"showFog":true,"showMaterialUpdate":false,"showSkybox":false,"showFlares":true,"showImageEffects":true,"showParticleSystems":true},"in2DMode":false,"pivot":{"x":0.4330568313598633,"y":0.04618116840720177,"z":0.24331139028072358},"rotation":{"x":-0.010623504407703877,"y":0.933315098285675,"z":-0.35804319381713869,"w":-0.02772299386560917},"size":1.464815616607666,"orthographic":false}