{"cameraMode":{"drawMode":0,"name":"Shaded","section":"Shading Mode"},"sceneLighting":false,"audioPlay":false,"sceneViewState":{"showFog":true,"showMaterialUpdate":false,"showSkybox":false,"showFlares":true,"showImageEffects":true,"showParticleSystems":true},"in2DMode":false,"pivot":{"x":-0.580596387386322,"y":0.33186274766921999,"z":0.2018132507801056},"rotation":{"x":0.2060629278421402,"y":0.1577543169260025,"z":-0.03360501304268837,"w":0.9652506113052368},"size":1.1095263957977296,"orthographic":false}