{"cameraMode":{"drawMode":0,"name":"Shaded","section":"Shading Mode"},"sceneLighting":false,"audioPlay":false,"sceneViewState":{"showFog":true,"showMaterialUpdate":false,"showSkybox":false,"showFlares":true,"showImageEffects":true,"showParticleSystems":true},"in2DMode":false,"pivot":{"x":-1.9473018646240235,"y":-3.9945006370544435,"z":1.2412803173065186},"rotation":{"x":-0.31041091680526736,"y":0.6881183981895447,"z":-0.4355727732181549,"w":-0.4904315173625946},"size":7.617363452911377,"orthographic":false}